Title,Year,Rated,Released,Runtime,Genre,Director,Writer,Actors,Plot,Language,Country,Awards,Poster,Ratings__Source,IMDb,Rotten Tomatoes,Metacritic,Metascore,imdbRating,imdbVotes,imdbID,Type,DVD,BoxOffice,Production
The Shawshank Redemption,1994,R,14-Oct-94,142 min,Drama,Frank Darabont,"Stephen King (short story ""Rita Hayworth and Shawshank Redemption""), Frank Darabont (screenplay)","Tim Robbins, Morgan Freeman, Bob Gunton, William Sadler","Two imprisoned men bond over a number of years, finding solace and eventual redemption through acts of common decency.",English,USA,Nominated for 7 Oscars. Another 21 wins & 35 nominations.,https://m.media-amazon.com/images/M/MV5BMDFkYTc0MGEtZmNhMC00ZDIzLWFmNTEtODM1ZmRlYWMwMWFmXkEyXkFqcGdeQXVyMTMxODk2OTU@._V1_SX300.jpg,Internet Movie Database,9.3/10,90,80,80,9.3,"2,217,195",tt0111161,movie,27-Jan-98,N/A,Columbia Pictures
The Godfather,1972,R,24-Mar-72,175 min,"Crime, Drama",Francis Ford Coppola,"Mario Puzo (screenplay by), Francis Ford Coppola (screenplay by), Mario Puzo (based on the novel by)","Marlon Brando, Al Pacino, James Caan, Richard S. Castellano",The aging patriarch of an organized crime dynasty transfers control of his clandestine empire to his reluctant son.,"English, Italian, Latin",USA,Won 3 Oscars. Another 26 wins & 30 nominations.,https://m.media-amazon.com/images/M/MV5BM2MyNjYxNmUtYTAwNi00MTYxLWJmNWYtYzZlODY3ZTk3OTFlXkEyXkFqcGdeQXVyNzkwMjQ5NzM@._V1_SX300.jpg,Internet Movie Database,9.2/10,98,10,100,9.2,"1,516,505",tt0068646,movie,9-Oct-01,N/A,Paramount Pictures
The Dark Knight,2008,PG-13,18-Jul-08,152 min,"Action, Crime, Drama, Thriller",Christopher Nolan,"Jonathan Nolan (screenplay), Christopher Nolan (screenplay), Christopher Nolan (story), David S. Goyer (story), Bob Kane (characters)","Christian Bale, Heath Ledger, Aaron Eckhart, Michael Caine","When the menace known as the Joker wreaks havoc and chaos on the people of Gotham, Batman must accept one of the greatest psychological and physical tests of his ability to fight injustice.","English, Mandarin","USA, UK",Won 2 Oscars. Another 153 wins & 159 nominations.,https://m.media-amazon.com/images/M/MV5BMTMxNTMwODM0NF5BMl5BanBnXkFtZTcwODAyMTk2Mw@@._V1_SX300.jpg,Internet Movie Database,9.0/10,94,84,84,9,"2,184,673",tt0468569,movie,9-Dec-08,"$533,316,061 ",Warner Bros. Pictures/Legendary
The Godfather: Part II,1974,R,18-Dec-74,202 min,"Crime, Drama",Francis Ford Coppola,"Francis Ford Coppola (screenplay by), Mario Puzo (screenplay by), Mario Puzo (based on the novel by)","Al Pacino, Robert Duvall, Diane Keaton, Robert De Niro","The early life and career of Vito Corleone in 1920s New York City is portrayed, while his son, Michael, expands and tightens his grip on the family crime syndicate.","English, Italian, Spanish, Latin, Sicilian",USA,Won 6 Oscars. Another 11 wins & 20 nominations.,https://m.media-amazon.com/images/M/MV5BMWMwMGQzZTItY2JlNC00OWZiLWIyMDctNDk2ZDQ2YjRjMWQ0XkEyXkFqcGdeQXVyNzkwMjQ5NzM@._V1_SX300.jpg,Internet Movie Database,9.0/10,97,90,90,9,"1,062,377",tt0071562,movie,24-May-05,N/A,Paramount Pictures
Pulp Fiction,1994,R,14-Oct-94,154 min,"Crime, Drama",Quentin Tarantino,"Quentin Tarantino (stories), Roger Avary (stories), Quentin Tarantino","Tim Roth, Amanda Plummer, Laura Lovelace, John Travolta","The lives of two mob hitmen, a boxer, a gangster and his wife, and a pair of diner bandits intertwine in four tales of violence and redemption.","English, Spanish, French",USA,Won 1 Oscar. Another 68 wins & 74 nominations.,https://m.media-amazon.com/images/M/MV5BNGNhMDIzZTUtNTBlZi00MTRlLWFjM2ItYzViMjE3YzI5MjljXkEyXkFqcGdeQXVyNzkwMjQ5NzM@._V1_SX300.jpg,Internet Movie Database,8.9/10,92,94,94,8.9,"1,729,577",tt0110912,movie,19-May-98,N/A,Miramax Films
Schindler's List,1993,R,4-Feb-94,195 min,"Biography, Drama, History",Steven Spielberg,"Thomas Keneally (book), Steven Zaillian (screenplay)","Liam Neeson, Ben Kingsley, Ralph Fiennes, Caroline Goodall","In German-occupied Poland during World War II, industrialist Oskar Schindler gradually becomes concerned for his Jewish workforce after witnessing their persecution by the Nazis.","English, Hebrew, German, Polish",USA,Won 7 Oscars. Another 83 wins & 49 nominations.,https://m.media-amazon.com/images/M/MV5BNDE4OTMxMTctNmRhYy00NWE2LTg3YzItYTk3M2UwOTU5Njg4XkEyXkFqcGdeQXVyNjU0OTQ0OTY@._V1_SX300.jpg,Internet Movie Database,8.9/10,97,94,94,8.9,"1,156,933",tt0108052,movie,9-Mar-04,N/A,Universal Pictures
The Lord of the Rings: The Return of the King,2003,PG-13,17-Dec-03,201 min,"Adventure, Drama, Fantasy",Peter Jackson,"J.R.R. Tolkien (novel), Fran Walsh (screenplay), Philippa Boyens (screenplay), Peter Jackson (screenplay)","Noel Appleby, Ali Astin, Sean Astin, David Aston",Gandalf and Aragorn lead the World of Men against Sauron's army to draw his gaze from Frodo and Sam as they approach Mount Doom with the One Ring.,"English, Quenya, Old English, Sindarin","New Zealand, USA",Won 11 Oscars. Another 199 wins & 122 nominations.,https://m.media-amazon.com/images/M/MV5BNzA5ZDNlZWMtM2NhNS00NDJjLTk4NDItYTRmY2EwMWZlMTY3XkEyXkFqcGdeQXVyNzkwMjQ5NzM@._V1_SX300.jpg,Internet Movie Database,8.9/10,93,94,94,8.9,"1,565,501",tt0167260,movie,25-May-04,"$364,000,000 ",New Line Cinema
12 Angry Men,1957,Approved,10-Apr-57,96 min,Drama,Sidney Lumet,"Reginald Rose (story), Reginald Rose (screenplay)","Martin Balsam, John Fiedler, Lee J. Cobb, E.G. Marshall",A jury holdout attempts to prevent a miscarriage of justice by forcing his colleagues to reconsider the evidence.,English,USA,Nominated for 3 Oscars. Another 16 wins & 9 nominations.,https://m.media-amazon.com/images/M/MV5BMWU4N2FjNzYtNTVkNC00NzQ0LTg0MjAtYTJlMjFhNGUxZDFmXkEyXkFqcGdeQXVyNjc1NTYyMjg@._V1_SX300.jpg,Internet Movie Database,8.9/10,100,96,96,8.9,"643,426",tt0050083,movie,6-Mar-01,N/A,Criterion Collection
"The Good, the Bad and the Ugly",1966,R,29-Dec-67,178 min,Western,Sergio Leone,"Luciano Vincenzoni (story), Sergio Leone (story), Agenore Incrocci (screenplay), Furio Scarpelli (screenplay), Luciano Vincenzoni (screenplay), Sergio Leone (screenplay)","Eli Wallach, Clint Eastwood, Lee Van Cleef, Aldo Giuffrè",A bounty hunting scam joins two men in an uneasy alliance against a third in a race to find a fortune in gold buried in a remote cemetery.,"Italian, English, Spanish","Italy, Spain, West Germany",1 win & 4 nominations.,https://m.media-amazon.com/images/M/MV5BOTQ5NDI3MTI4MF5BMl5BanBnXkFtZTgwNDQ4ODE5MDE@._V1_SX300.jpg,Internet Movie Database,8.8/10,97,90,90,8.8,"652,572",tt0060196,movie,18-Nov-97,N/A,United Artists
Forrest Gump,1994,PG-13,6-Jul-94,142 min,"Drama, Romance",Robert Zemeckis,"Winston Groom (novel), Eric Roth (screenplay)","Tom Hanks, Rebecca Williams, Sally Field, Michael Conner Humphreys","The presidencies of Kennedy and Johnson, the events of Vietnam, Watergate, and other historical events unfold through the perspective of an Alabama man with an IQ of 75, whose only desire is to be reunited with his childhood sweetheart.",English,USA,Won 6 Oscars. Another 44 wins & 74 nominations.,https://m.media-amazon.com/images/M/MV5BNWIwODRlZTUtY2U3ZS00Yzg1LWJhNzYtMmZiYmEyNmU1NjMzXkEyXkFqcGdeQXVyMTQxNzMzNDI@._V1_SX300.jpg,Internet Movie Database,8.8/10,70,82,82,8.8,"1,703,247",tt0109830,movie,28-Aug-01,"$330,000,000 ",Paramount Pictures
Inception,2010,PG-13,16-Jul-10,148 min,"Action, Adventure, Sci-Fi, Thriller",Christopher Nolan,Christopher Nolan,"Leonardo DiCaprio, Joseph Gordon-Levitt, Ellen Page, Tom Hardy",A thief who steals corporate secrets through the use of dream-sharing technology is given the inverse task of planting an idea into the mind of a C.E.O.,"English, Japanese, French","USA, UK",Won 4 Oscars. Another 152 wins & 217 nominations.,https://m.media-amazon.com/images/M/MV5BMjAxMzY3NjcxNF5BMl5BanBnXkFtZTcwNTI5OTM0Mw@@._V1_SX300.jpg,Internet Movie Database,8.8/10,87,74,74,8.8,"1,934,808",tt1375666,movie,7-Dec-10,"$292,568,851 ",Warner Bros. Pictures
The Lord of the Rings: The Fellowship of the Ring,2001,PG-13,19-Dec-01,178 min,"Action, Adventure, Drama, Fantasy",Peter Jackson,"J.R.R. Tolkien (novel), Fran Walsh (screenplay), Philippa Boyens (screenplay), Peter Jackson (screenplay)","Alan Howard, Noel Appleby, Sean Astin, Sala Baker",A meek Hobbit from the Shire and eight companions set out on a journey to destroy the powerful One Ring and save Middle-earth from the Dark Lord Sauron.,"English, Sindarin","New Zealand, USA",Won 4 Oscars. Another 115 wins & 124 nominations.,https://m.media-amazon.com/images/M/MV5BN2EyZjM3NzUtNWUzMi00MTgxLWI0NTctMzY4M2VlOTdjZWRiXkEyXkFqcGdeQXVyNDUzOTQ5MjY@._V1_SX300.jpg,Internet Movie Database,8.8/10,91,92,92,8.8,"1,586,250",tt0120737,movie,6-Aug-02,"$314,000,000 ",New Line Cinema
Fight Club,1999,R,15-Oct-99,139 min,Drama,David Fincher,"Chuck Palahniuk (novel), Jim Uhls (screenplay)","Edward Norton, Brad Pitt, Meat Loaf, Zach Grenier","An insomniac office worker and a devil-may-care soapmaker form an underground fight club that evolves into something much, much more.",English,"USA, Germany",Nominated for 1 Oscar. Another 10 wins & 37 nominations.,https://m.media-amazon.com/images/M/MV5BMmEzNTkxYjQtZTc0MC00YTVjLTg5ZTEtZWMwOWVlYzY0NWIwXkEyXkFqcGdeQXVyNzkwMjQ5NzM@._V1_SX300.jpg,Internet Movie Database,8.8/10,78,66,66,8.8,"1,768,254",tt0137523,movie,6-Jun-00,N/A,20th Century Fox
Dangal,2016,Not Rated,21-Dec-16,161 min,"Action, Biography, Drama, Sport",Nitesh Tiwari,"Piyush Gupta, Shreyas Jain, Nikhil Mehrotra, Rajshri Sudhakar (Dialogue Writer: Telugu), Nitesh Tiwari","Aamir Khan, Fatima Sana Shaikh, Sanya Malhotra, Sakshi Tanwar",Former wrestler Mahavir Singh Phogat and his two wrestler daughters struggle towards glory at the Commonwealth Games in the face of societal oppression.,"Hindi, Tamil, Telugu",India,23 wins & 6 nominations.,https://m.media-amazon.com/images/M/MV5BMTQ4MzQzMzM2Nl5BMl5BanBnXkFtZTgwMTQ1NzU3MDI@._V1_SX300.jpg,Internet Movie Database,8.4/10,88,,N/A,8.4,"138,768",tt5074352,movie,N/A,"$12,382,287 ",Aamir Khan Productions
Star Wars: Episode V - The Empire Strikes Back,1980,PG,20-Jun-80,124 min,"Action, Adventure, Fantasy, Sci-Fi",Irvin Kershner,"Leigh Brackett (screenplay by), Lawrence Kasdan (screenplay by), George Lucas (story by)","Mark Hamill, Harrison Ford, Carrie Fisher, Billy Dee Williams","After the Rebels are brutally overpowered by the Empire on the ice planet Hoth, Luke Skywalker begins Jedi training with Yoda, while his friends are pursued by Darth Vader and a bounty hunter named Boba Fett all over the galaxy.",English,USA,Won 1 Oscar. Another 24 wins & 20 nominations.,https://m.media-amazon.com/images/M/MV5BYmU1NDRjNDgtMzhiMi00NjZmLTg5NGItZDNiZjU5NTU4OTE0XkEyXkFqcGdeQXVyNzkwMjQ5NzM@._V1_SX300.jpg,Internet Movie Database,8.7/10,94,82,82,8.7,"1,109,656",tt0080684,movie,21-Sep-04,"$4,548,170 ",Twentieth Century Fox
Star Wars: Episode IV - A New Hope,1977,PG,25-May-77,121 min,"Action, Adventure, Fantasy, Sci-Fi",George Lucas,George Lucas,"Mark Hamill, Harrison Ford, Carrie Fisher, Peter Cushing","Luke Skywalker joins forces with a Jedi Knight, a cocky pilot, a Wookiee and two droids to save the galaxy from the Empire's world-destroying battle station, while also attempting to rescue Princess Leia from the mysterious Darth Vader.",English,USA,Won 6 Oscars. Another 52 wins & 28 nominations.,https://m.media-amazon.com/images/M/MV5BNzVlY2MwMjktM2E4OS00Y2Y3LWE3ZjctYzhkZGM3YzA1ZWM2XkEyXkFqcGdeQXVyNzkwMjQ5NzM@._V1_SX300.jpg,Internet Movie Database,8.6/10,92,90,90,8.6,"1,181,083",tt0076759,movie,21-Sep-04,N/A,20th Century Fox
The Matrix,1999,R,31-Mar-99,136 min,"Action, Sci-Fi","Lana Wachowski, Lilly Wachowski","Lilly Wachowski, Lana Wachowski","Keanu Reeves, Laurence Fishburne, Carrie-Anne Moss, Hugo Weaving",A computer hacker learns from mysterious rebels about the true nature of his reality and his role in the war against its controllers.,English,USA,Won 4 Oscars. Another 37 wins & 50 nominations.,https://m.media-amazon.com/images/M/MV5BNzQzOTk3OTAtNDQ0Zi00ZTVkLWI0MTEtMDllZjNkYzNjNTc4L2ltYWdlXkEyXkFqcGdeQXVyNjU0OTQ0OTY@._V1_SX300.jpg,Internet Movie Database,8.7/10,87,73,73,8.7,"1,597,196",tt0133093,movie,21-Sep-99,N/A,Warner Bros. Pictures
Goodfellas,1990,R,21-Sep-90,146 min,"Biography, Crime, Drama",Martin Scorsese,"Nicholas Pileggi (book), Nicholas Pileggi (screenplay), Martin Scorsese (screenplay)","Robert De Niro, Ray Liotta, Joe Pesci, Lorraine Bracco","The story of Henry Hill and his life in the mob, covering his relationship with his wife Karen Hill and his mob partners Jimmy Conway and Tommy DeVito in the Italian-American crime syndicate.","English, Italian",USA,Won 1 Oscar. Another 43 wins & 38 nominations.,https://m.media-amazon.com/images/M/MV5BY2NkZjEzMDgtN2RjYy00YzM1LWI4ZmQtMjIwYjFjNmI3ZGEwXkEyXkFqcGdeQXVyNzkwMjQ5NzM@._V1_SX300.jpg,Internet Movie Database,8.7/10,96,90,90,8.7,"960,866",tt0099685,movie,26-Mar-97,N/A,Warner Bros.
One Flew Over the Cuckoo's Nest,1975,R,19-Nov-75,133 min,Drama,Milos Forman,"Lawrence Hauben (screenplay), Bo Goldman (screenplay), Ken Kesey (based on the novel by), Dale Wasserman (the play version: ""One Flew Over the Cuckoo\'s Nest"" by)","Jack Nicholson, Louise Fletcher, Will Sampson, Michael Berryman","A criminal pleads insanity and is admitted to a mental institution, where he rebels against the oppressive nurse and rallies up the scared patients.",English,USA,Won 5 Oscars. Another 30 wins & 13 nominations.,https://m.media-amazon.com/images/M/MV5BZjA0OWVhOTAtYWQxNi00YzNhLWI4ZjYtNjFjZTEyYjJlNDVlL2ltYWdlL2ltYWdlXkEyXkFqcGdeQXVyMTQxNzMzNDI@._V1_SX300.jpg,Internet Movie Database,8.7/10,93,83,83,8.7,"868,657",tt0073486,movie,9-Dec-97,N/A,United Artists
City of God,2002,R,13-Feb-04,130 min,"Crime, Drama","Fernando Meirelles, Kátia Lund(co-director)","Paulo Lins (novel), Bráulio Mantovani (screenplay)","Alexandre Rodrigues, Leandro Firmino, Phellipe Haagensen, Douglas Silva","In the slums of Rio, two kids' paths diverge as one struggles to become a photographer and the other a kingpin.",Portuguese,"Brazil, France, Germany",Nominated for 4 Oscars. Another 75 wins & 44 nominations.,https://m.media-amazon.com/images/M/MV5BNDJiNTEwMjMtOGQ1ZC00OTczLWFjZjctZWQ0MGJjZmFkMjcwXkEyXkFqcGdeQXVyNjU0OTQ0OTY@._V1_SX300.jpg,Internet Movie Database,8.6/10,91,79,79,8.6,"669,002",tt0317248,movie,8-Jun-04,N/A,Miramax Films
The Lord of the Rings: The Two Towers,2002,PG-13,18-Dec-02,179 min,"Adventure, Drama, Fantasy",Peter Jackson,"J.R.R. Tolkien (novel), Fran Walsh (screenplay), Philippa Boyens (screenplay), Stephen Sinclair (screenplay), Peter Jackson (screenplay)","Bruce Allpress, Sean Astin, John Bach, Sala Baker","While Frodo and Sam edge closer to Mordor with the help of the shifty Gollum, the divided fellowship makes a stand against Sauron's new ally, Saruman, and his hordes of Isengard.","English, Sindarin, Old English","New Zealand, USA",Won 2 Oscars. Another 123 wins & 137 nominations.,https://m.media-amazon.com/images/M/MV5BNGE5MzIyNTAtNWFlMC00NDA2LWJiMjItMjc4Yjg1OWM5NzhhXkEyXkFqcGdeQXVyNzkwMjQ5NzM@._V1_SX300.jpg,Internet Movie Database,8.7/10,95,87,87,8.7,"1,412,418",tt0167261,movie,26-Aug-03,"$339,700,000 ",New Line Cinema
Seven Samurai,1954,Not Rated,19-Nov-56,207 min,"Action, Adventure, Drama",Akira Kurosawa,"Akira Kurosawa (screenplay), Shinobu Hashimoto (screenplay), Hideo Oguni (screenplay)","Toshirô Mifune, Takashi Shimura, Keiko Tsushima, Yukiko Shimazaki",A poor village under attack by bandits recruits seven unemployed samurai to help them defend themselves.,Japanese,Japan,Nominated for 2 Oscars. Another 5 wins & 6 nominations.,https://m.media-amazon.com/images/M/MV5BODdlYjU1Y2MtMWUxMy00YjJjLTgyMWItNzgzZmZkNTYxNWFkXkEyXkFqcGdeQXVyMTAwMjU1MzA2._V1_SX300.jpg,Internet Movie Database,8.6/10,100,98,98,8.6,"298,721",tt0047478,movie,1-Mar-99,N/A,Columbia Pictures
Interstellar,2014,PG-13,7-Nov-14,169 min,"Adventure, Drama, Sci-Fi, Thriller",Christopher Nolan,"Jonathan Nolan, Christopher Nolan","Ellen Burstyn, Matthew McConaughey, Mackenzie Foy, John Lithgow",A team of explorers travel through a wormhole in space in an attempt to ensure humanity's survival.,English,"USA, UK, Canada",Won 1 Oscar. Another 43 wins & 147 nominations.,https://m.media-amazon.com/images/M/MV5BZjdkOTU3MDktN2IxOS00OGEyLWFmMjktY2FiMmZkNWIyODZiXkEyXkFqcGdeQXVyMTMxODk2OTU@._V1_SX300.jpg,Internet Movie Database,8.6/10,72,74,74,8.6,"1,395,990",tt0816692,movie,31-Mar-15,"$158,737,441 ",Paramount Pictures
Your Name.,2016,PG,7-Apr-17,106 min,"Animation, Drama, Fantasy, Romance",Makoto Shinkai,"Makoto Shinkai (based on his novel), Makoto Shinkai (screenplay), Clark Cheng (english script)","Ryûnosuke Kamiki, Mone Kamishiraishi, Ryô Narita, Aoi Yûki","Two strangers find themselves linked in a bizarre way. When a connection forms, will distance be the only thing to keep them apart?",Japanese,Japan,15 wins & 25 nominations.,https://m.media-amazon.com/images/M/MV5BODRmZDVmNzUtZDA4ZC00NjhkLWI2M2UtN2M0ZDIzNDcxYThjL2ltYWdlXkEyXkFqcGdeQXVyNTk0MzMzODA@._V1_SX300.jpg,Internet Movie Database,8.4/10,98,79,79,8.4,"164,672",tt5311514,movie,7-Nov-17,"$4,676,810 ",FUNimation Films
The Silence of the Lambs,1991,R,14-Feb-91,118 min,"Crime, Drama, Thriller",Jonathan Demme,"Thomas Harris (novel), Ted Tally (screenplay)","Jodie Foster, Lawrence A. Bonney, Kasi Lemmons, Lawrence T. Wrentz","A young F.B.I. cadet must receive the help of an incarcerated and manipulative cannibal killer to help catch another serial killer, a madman who skins his victims.","English, Latin",USA,Won 5 Oscars. Another 63 wins & 51 nominations.,https://m.media-amazon.com/images/M/MV5BNjNhZTk0ZmEtNjJhMi00YzFlLWE1MmEtYzM1M2ZmMGMwMTU4XkEyXkFqcGdeQXVyNjU0OTQ0OTY@._V1_SX300.jpg,Internet Movie Database,8.6/10,96,85,85,8.6,"1,194,897",tt0102926,movie,1-Jul-98,N/A,Orion Pictures Corporation
Léon: The Professional,1994,R,18-Nov-94,110 min,"Action, Crime, Drama, Thriller",Luc Besson,Luc Besson,"Jean Reno, Gary Oldman, Natalie Portman, Danny Aiello","Mathilda, a 12-year-old girl, is reluctantly taken in by Léon, a professional assassin, after her family is murdered. An unusual relationship forms as she becomes his protégée and learns the assassin's trade.","English, Italian, French",France,6 wins & 14 nominations.,https://m.media-amazon.com/images/M/MV5BZDAwYTlhMDEtNTg0OS00NDY2LWJjOWItNWY3YTZkM2UxYzUzXkEyXkFqcGdeQXVyNTA4NzY1MzY@._V1_SX300.jpg,Internet Movie Database,8.5/10,73,64,64,8.5,"976,669",tt0110413,movie,15-Aug-00,N/A,Columbia Pictures
Se7en,1995,R,22-Sep-95,127 min,"Crime, Drama, Mystery, Thriller",David Fincher,Andrew Kevin Walker,"Morgan Freeman, Andrew Kevin Walker, Daniel Zacapa, Brad Pitt","Two detectives, a rookie and a veteran, hunt a serial killer who uses the seven deadly sins as his motives.",English,USA,Nominated for 1 Oscar. Another 29 wins & 40 nominations.,https://m.media-amazon.com/images/M/MV5BOTUwODM5MTctZjczMi00OTk4LTg3NWUtNmVhMTAzNTNjYjcyXkEyXkFqcGdeQXVyNjU0OTQ0OTY@._V1_SX300.jpg,Internet Movie Database,8.6/10,81,65,65,8.6,"1,365,575",tt0114369,movie,14-Apr-97,N/A,New Line Cinema
Saving Private Ryan,1998,R,24-Jul-98,169 min,"Drama, War",Steven Spielberg,Robert Rodat,"Tom Hanks, Tom Sizemore, Edward Burns, Barry Pepper","Following the Normandy Landings, a group of U.S. soldiers go behind enemy lines to retrieve a paratrooper whose brothers have been killed in action.","English, French, German, Czech",USA,Won 5 Oscars. Another 74 wins & 74 nominations.,https://m.media-amazon.com/images/M/MV5BZjhkMDM4MWItZTVjOC00ZDRhLThmYTAtM2I5NzBmNmNlMzI1XkEyXkFqcGdeQXVyNDYyMDk5MTU@._V1_SX300.jpg,Internet Movie Database,8.6/10,93,91,91,8.6,"1,168,688",tt0120815,movie,2-Nov-99,N/A,Dreamworks Distribution
The Usual Suspects,1995,R,16-Aug-95,106 min,"Crime, Mystery, Thriller",Bryan Singer,Christopher McQuarrie,"Stephen Baldwin, Gabriel Byrne, Benicio Del Toro, Kevin Pollak","A sole survivor tells of the twisty events leading up to a horrific gun battle on a boat, which began when five criminals met at a seemingly random police lineup.","English, Hungarian, Spanish, French","USA, Germany",Won 2 Oscars. Another 35 wins & 16 nominations.,https://m.media-amazon.com/images/M/MV5BYTViNjMyNmUtNDFkNC00ZDRlLThmMDUtZDU2YWE4NGI2ZjVmXkEyXkFqcGdeQXVyNjU0OTQ0OTY@._V1_SX300.jpg,Internet Movie Database,8.5/10,89,77,77,8.5,"944,220",tt0114814,movie,9-Dec-99,N/A,Gramercy Pictures
Spirited Away,2001,PG,28-Mar-03,125 min,"Animation, Adventure, Family, Fantasy, Mystery",Hayao Miyazaki,Hayao Miyazaki,"Rumi Hiiragi, Miyu Irino, Mari Natsuki, Takashi Naitô","During her family's move to the suburbs, a sullen 10-year-old girl wanders into a world ruled by gods, witches, and spirits, and where humans are changed into beasts.",Japanese,Japan,Won 1 Oscar. Another 57 wins & 30 nominations.,https://m.media-amazon.com/images/M/MV5BNmU5OTQ0OWQtOTY0OS00Yjg4LWE1NDYtNDRhYWMxYWY4OTMwXkEyXkFqcGdeQXVyNjU0OTQ0OTY@._V1_SX300.jpg,Internet Movie Database,8.6/10,97,96,96,8.6,"598,148",tt0245429,movie,15-Apr-03,"$9,855,615 ",Walt Disney Pictures
Life Is Beautiful,1997,PG-13,12-Feb-99,116 min,"Comedy, Drama, Romance, War",Roberto Benigni,"Vincenzo Cerami (story and screenplay by), Roberto Benigni (story and screenplay by)","Roberto Benigni, Nicoletta Braschi, Giorgio Cantarini, Giustino Durano","When an open-minded Jewish librarian and his son become victims of the Holocaust, he uses a perfect mixture of will, humor, and imagination to protect his son from the dangers around their camp.","Italian, German, English",Italy,Won 3 Oscars. Another 67 wins & 51 nominations.,https://m.media-amazon.com/images/M/MV5BYmJmM2Q4NmMtYThmNC00ZjRlLWEyZmItZTIwOTBlZDQ3NTQ1XkEyXkFqcGdeQXVyMTQxNzMzNDI@._V1_SX300.jpg,Internet Movie Database,8.6/10,80,59,59,8.6,"585,007",tt0118799,movie,9-Nov-99,N/A,Miramax
The Intouchables,2011,R,2-Nov-11,112 min,"Biography, Comedy, Drama","Olivier Nakache, Éric Toledano","Olivier Nakache, Philippe Pozzo di Borgo (adapted from his autobiographical tale Le Second Souffle), Éric Toledano","François Cluzet, Omar Sy, Anne Le Ny, Audrey Fleurot","After he becomes a quadriplegic from a paragliding accident, an aristocrat hires a young man from the projects to be his caregiver.","French, English",France,Nominated for 1 Golden Globe. Another 38 wins & 39 nominations.,https://m.media-amazon.com/images/M/MV5BMTYxNDA3MDQwNl5BMl5BanBnXkFtZTcwNTU4Mzc1Nw@@._V1_SX300.jpg,Internet Movie Database,8.5/10,74,57,57,8.5,"715,838",tt1675434,movie,5-Mar-13,"$13,179,837 ",The Weinstein Company
Once Upon a Time in the West,1968,PG-13,4-Jul-69,165 min,Western,Sergio Leone,"Sergio Donati (screenplay by), Sergio Leone (screenplay by), Dario Argento (from a story by), Bernardo Bertolucci (from a story by), Sergio Leone (from a story by)","Claudia Cardinale, Henry Fonda, Jason Robards, Charles Bronson",A mysterious stranger with a harmonica joins forces with a notorious desperado to protect a beautiful widow from a ruthless assassin working for the railroad.,"Italian, English, Spanish","Italy, USA",4 wins & 5 nominations.,https://m.media-amazon.com/images/M/MV5BZGI5MjBmYzYtMzJhZi00NGI1LTk3MzItYjBjMzcxM2U3MDdiXkEyXkFqcGdeQXVyNzkwMjQ5NzM@._V1_SX300.jpg,Internet Movie Database,8.5/10,95,80,80,8.5,"287,595",tt0064116,movie,18-Nov-03,N/A,Paramount Pictures
It's a Wonderful Life,1946,Not Rated,7-Jan-47,130 min,"Drama, Family, Fantasy",Frank Capra,"Frances Goodrich (screenplay), Albert Hackett (screenplay), Frank Capra (screenplay), Jo Swerling (additional scenes), Philip Van Doren Stern (story)","James Stewart, Donna Reed, Lionel Barrymore, Thomas Mitchell",An angel is sent from Heaven to help a desperately frustrated businessman by showing him what life would have been like if he had never existed.,"English, French",USA,Nominated for 5 Oscars. Another 6 wins & 1 nomination.,https://m.media-amazon.com/images/M/MV5BZjc4NDZhZWMtNGEzYS00ZWU2LThlM2ItNTA0YzQ0OTExMTE2XkEyXkFqcGdeQXVyNjUwMzI2NzU@._V1_SX300.jpg,Internet Movie Database,8.6/10,94,89,89,8.6,"377,170",tt0038650,movie,19-Sep-95,N/A,Liberty Films
City Lights,1931,G,7-Mar-31,87 min,"Comedy, Drama, Romance",Charles Chaplin,Charles Chaplin,"Virginia Cherrill, Florence Lee, Harry Myers, Al Ernest Garcia","With the aid of a wealthy erratic tippler, a dewy-eyed tramp who has fallen in love with a sightless flower girl accumulates money to be able to help her medically.",English,USA,3 wins.,https://m.media-amazon.com/images/M/MV5BY2I4MmM1N2EtM2YzOS00OWUzLTkzYzctNDc5NDg2N2IyODJmXkEyXkFqcGdeQXVyNzkwMjQ5NzM@._V1_SX300.jpg,Internet Movie Database,8.5/10,98,99,99,8.5,"157,742",tt0021749,movie,8-Feb-00,N/A,United Artists
Alien,1979,R,22-Jun-79,117 min,"Horror, Sci-Fi",Ridley Scott,"Dan O'Bannon (screenplay by), Dan O'Bannon (story by), Ronald Shusett (story by)","Tom Skerritt, Sigourney Weaver, Veronica Cartwright, Harry Dean Stanton","After a space merchant vessel receives an unknown transmission as a distress call, one of the crew is attacked by a mysterious life form and they soon realize that its life cycle has merely begun.",English,"UK, USA",Won 1 Oscar. Another 16 wins & 21 nominations.,https://m.media-amazon.com/images/M/MV5BMmQ2MmU3NzktZjAxOC00ZDZhLTk4YzEtMDMyMzcxY2IwMDAyXkEyXkFqcGdeQXVyNzkwMjQ5NzM@._V1_SX300.jpg,Internet Movie Database,8.4/10,98,89,89,8.4,"750,325",tt0078748,movie,6-Jan-04,N/A,20th Century Fox
The Prestige,2006,PG-13,20-Oct-06,130 min,"Drama, Mystery, Sci-Fi, Thriller",Christopher Nolan,"Jonathan Nolan (screenplay), Christopher Nolan (screenplay), Christopher Priest (novel)","Hugh Jackman, Christian Bale, Michael Caine, Piper Perabo","After a tragic accident, two stage magicians engage in a battle to create the ultimate illusion while sacrificing everything they have to outwit each other.",English,"USA, UK",Nominated for 2 Oscars. Another 6 wins & 38 nominations.,https://m.media-amazon.com/images/M/MV5BMjA4NDI0MTIxNF5BMl5BanBnXkFtZTYwNTM0MzY2._V1_SX300.jpg,Internet Movie Database,8.5/10,75,66,66,8.5,"1,124,164",tt0482571,movie,20-Feb-07,"$53,100,000 ",Buena Vista Pictures
Gladiator,2000,R,5-May-00,155 min,"Action, Adventure, Drama",Ridley Scott,"David Franzoni (story), David Franzoni (screenplay), John Logan (screenplay), William Nicholson (screenplay)","Russell Crowe, Joaquin Phoenix, Connie Nielsen, Oliver Reed",A former Roman General sets out to exact vengeance against the corrupt emperor who murdered his family and sent him into slavery.,English,"USA, UK, Malta, Morocco",Won 5 Oscars. Another 54 wins & 104 nominations.,https://m.media-amazon.com/images/M/MV5BMDliMmNhNDEtODUyOS00MjNlLTgxODEtN2U3NzIxMGVkZTA1L2ltYWdlXkEyXkFqcGdeQXVyNjU0OTQ0OTY@._V1_SX300.jpg,Internet Movie Database,8.5/10,76,67,67,8.5,"1,270,838",tt0172495,movie,21-Nov-00,N/A,Dreamworks Distribution LLC
The Dark Knight Rises,2012,PG-13,20-Jul-12,164 min,"Action, Adventure",Christopher Nolan,"Jonathan Nolan (screenplay), Christopher Nolan (screenplay), Christopher Nolan (story), David S. Goyer (story), Bob Kane (characters)","Christian Bale, Gary Oldman, Tom Hardy, Joseph Gordon-Levitt","Eight years after the Joker's reign of anarchy, Batman, with the help of the enigmatic Catwoman, is forced from his exile to save Gotham City from the brutal guerrilla terrorist Bane.","English, Arabic","UK, USA",Nominated for 1 BAFTA Film Award. Another 38 wins & 101 nominations.,https://m.media-amazon.com/images/M/MV5BMTk4ODQzNDY3Ml5BMl5BanBnXkFtZTcwODA0NTM4Nw@@._V1_SX300.jpg,Internet Movie Database,8.4/10,87,78,78,8.4,"1,444,937",tt1345836,movie,3-Dec-12,"$448,130,642 ",Warner Bros. Pictures
Whiplash,2014,R,15-Oct-14,106 min,"Drama, Music",Damien Chazelle,Damien Chazelle,"Miles Teller, J.K. Simmons, Paul Reiser, Melissa Benoist",A promising young drummer enrolls at a cut-throat music conservatory where his dreams of greatness are mentored by an instructor who will stop at nothing to realize a student's potential.,English,USA,Won 3 Oscars. Another 91 wins & 143 nominations.,https://m.media-amazon.com/images/M/MV5BOTA5NDZlZGUtMjAxOS00YTRkLTkwYmMtYWQ0NWEwZDZiNjEzXkEyXkFqcGdeQXVyMTMxODk2OTU@._V1_SX300.jpg,Internet Movie Database,8.5/10,93,88,88,8.5,"662,514",tt2582802,movie,24-Feb-15,N/A,Sony Pictures Classics
Memento,2000,R,25-May-01,113 min,"Mystery, Thriller",Christopher Nolan,"Christopher Nolan (screenplay), Jonathan Nolan (short story ""Memento Mori"")","Guy Pearce, Carrie-Anne Moss, Joe Pantoliano, Mark Boone Junior",A man with short-term memory loss attempts to track down his wife's murderer.,English,USA,Nominated for 2 Oscars. Another 57 wins & 56 nominations.,https://m.media-amazon.com/images/M/MV5BZTcyNjk1MjgtOWI3Mi00YzQwLWI5MTktMzY4ZmI2NDAyNzYzXkEyXkFqcGdeQXVyNjU0OTQ0OTY@._V1_SX300.jpg,Internet Movie Database,8.4/10,93,80,80,8.4,"1,072,613",tt0209144,movie,4-Sep-01,"$23,844,220 ",Newmarket Films
The Green Mile,1999,R,10-Dec-99,189 min,"Crime, Drama, Fantasy, Mystery",Frank Darabont,"Stephen King (novel), Frank Darabont (screenplay)","Tom Hanks, David Morse, Bonnie Hunt, Michael Clarke Duncan","The lives of guards on Death Row are affected by one of their charges: a black man accused of child murder and rape, yet who has a mysterious gift.","English, French",USA,Nominated for 4 Oscars. Another 15 wins & 33 nominations.,https://m.media-amazon.com/images/M/MV5BMTUxMzQyNjA5MF5BMl5BanBnXkFtZTYwOTU2NTY3._V1_SX300.jpg,Internet Movie Database,8.6/10,78,61,61,8.6,"1,083,139",tt0120689,movie,13-Jun-00,N/A,Warner Bros. Pictures
Apocalypse Now,1979,R,15-Aug-79,147 min,"Drama, Mystery, War",Francis Ford Coppola,"John Milius, Francis Ford Coppola, Michael Herr (narration)","Marlon Brando, Martin Sheen, Robert Duvall, Frederic Forrest",A U.S. Army officer serving in Vietnam is tasked with assassinating a renegade Special Forces Colonel who sees himself as a god.,"English, French, Vietnamese",USA,Won 2 Oscars. Another 18 wins & 31 nominations.,https://m.media-amazon.com/images/M/MV5BMDdhODg0MjYtYzBiOS00ZmI5LWEwZGYtZDEyNDU4MmQyNzFkXkEyXkFqcGdeQXVyNzkwMjQ5NzM@._V1_SX300.jpg,Internet Movie Database,8.4/10,98,94,94,8.4,"573,812",tt0078788,movie,20-Nov-01,N/A,United Artists
Psycho,1960,R,8-Sep-60,109 min,"Horror, Mystery, Thriller",Alfred Hitchcock,"Joseph Stefano (screenplay by), Robert Bloch (based on the novel by)","Anthony Perkins, Vera Miles, John Gavin, Janet Leigh","A Phoenix secretary embezzles forty thousand dollars from her employer's client, goes on the run, and checks into a remote motel run by a young man under the domination of his mother.",English,USA,Nominated for 4 Oscars. Another 5 wins & 10 nominations.,https://m.media-amazon.com/images/M/MV5BNTQwNDM1YzItNDAxZC00NWY2LTk0M2UtNDIwNWI5OGUyNWUxXkEyXkFqcGdeQXVyNzkwMjQ5NzM@._V1_SX300.jpg,Internet Movie Database,8.5/10,95,97,97,8.5,"570,880",tt0054215,movie,6-Mar-01,N/A,Paramount Pictures
Raiders of the Lost Ark,1981,PG,12-Jun-81,115 min,"Action, Adventure",Steven Spielberg,"Lawrence Kasdan (screenplay by), George Lucas (story by), Philip Kaufman (story by)","Harrison Ford, Karen Allen, Paul Freeman, Ronald Lacey","In 1936, archaeologist and adventurer Indiana Jones is hired by the U.S. government to find the Ark of the Covenant before Adolf Hitler's Nazis can obtain its awesome powers.","English, German, Hebrew, Spanish, Arabic, Nepali",USA,Won 4 Oscars. Another 31 wins & 24 nominations.,https://m.media-amazon.com/images/M/MV5BMjA0ODEzMTc1Nl5BMl5BanBnXkFtZTcwODM2MjAxNA@@._V1_SX300.jpg,Internet Movie Database,8.4/10,95,85,85,8.4,"844,506",tt0082971,movie,21-Oct-03,N/A,Paramount Pictures
Terminator 2: Judgment Day,1991,R,3-Jul-91,137 min,"Action, Sci-Fi",James Cameron,"James Cameron, William Wisher","Arnold Schwarzenegger, Linda Hamilton, Edward Furlong, Robert Patrick","A cyborg, identical to the one who failed to kill Sarah Connor, must now protect her teenage son, John Connor, from a more advanced and powerful cyborg.","English, Spanish",USA,Won 4 Oscars. Another 32 wins & 33 nominations.,https://m.media-amazon.com/images/M/MV5BMGU2NzRmZjUtOGUxYS00ZjdjLWEwZWItY2NlM2JhNjkxNTFmXkEyXkFqcGdeQXVyNjU0OTQ0OTY@._V1_SX300.jpg,Internet Movie Database,8.5/10,93,75,75,8.5,"952,533",tt0103064,movie,31-Mar-98,"$198,116,802 ",TriStar Pictures
The Pianist,2002,R,28-Mar-03,150 min,"Biography, Drama, Music, War",Roman Polanski,"Ronald Harwood (screenplay), Wladyslaw Szpilman (book)","Adrien Brody, Emilia Fox, Michal Zebrowski, Ed Stoppard",A Polish Jewish musician struggles to survive the destruction of the Warsaw ghetto of World War II.,"English, German, Russian","UK, France, Poland, Germany",Won 3 Oscars. Another 54 wins & 73 nominations.,https://m.media-amazon.com/images/M/MV5BOWRiZDIxZjktMTA1NC00MDQ2LWEzMjUtMTliZmY3NjQ3ODJiXkEyXkFqcGdeQXVyNjU0OTQ0OTY@._V1_SX300.jpg,Internet Movie Database,8.5/10,95,85,85,8.5,"683,096",tt0253474,movie,27-May-03,"$32,519,322 ",Focus Features
The Lives of Others,2006,R,30-Mar-07,137 min,"Drama, Mystery, Thriller",Florian Henckel von Donnersmarck,Florian Henckel von Donnersmarck,"Martina Gedeck, Ulrich Mühe, Sebastian Koch, Ulrich Tukur","In 1984 East Berlin, an agent of the secret police, conducting surveillance on a writer and his lover, finds himself becoming increasingly absorbed by their lives.",German,Germany,Won 1 Oscar. Another 78 wins & 37 nominations.,https://m.media-amazon.com/images/M/MV5BOThkM2EzYmMtNDE3NS00NjlhLTg4YzktYTdhNzgyOWY3ZDYzXkEyXkFqcGdeQXVyNzQzNzQxNzI@._V1_SX300.jpg,Internet Movie Database,8.4/10,93,89,89,8.4,"340,850",tt0405094,movie,21-Aug-07,"$11,200,000 ",Sony Pictures Classics
Dr. Strangelove or: How I Learned to Stop Worrying and Love the Bomb,1964,PG,29-Jan-64,95 min,Comedy,Stanley Kubrick,"Stanley Kubrick (screenplay), Terry Southern (screenplay), Peter George (screenplay), Peter George (based on the book: ""Red Alert"" by)","Peter Sellers, George C. Scott, Sterling Hayden, Keenan Wynn",An insane general triggers a path to nuclear holocaust that a War Room full of politicians and generals frantically tries to stop.,"English, Russian","UK, USA",Nominated for 4 Oscars. Another 13 wins & 7 nominations.,https://m.media-amazon.com/images/M/MV5BZWI3ZTMxNjctMjdlNS00NmUwLWFiM2YtZDUyY2I3N2MxYTE0XkEyXkFqcGdeQXVyNzkwMjQ5NzM@._V1_SX300.jpg,Internet Movie Database,8.4/10,98,97,97,8.4,"430,475",tt0057012,movie,2-Nov-04,N/A,Sony Pictures
American History X,1998,R,20-Nov-98,119 min,Drama,Tony Kaye,David McKenna,"Edward Norton, Edward Furlong, Beverly D'Angelo, Jennifer Lien",A former neo-nazi skinhead tries to prevent his younger brother from going down the same wrong path that he did.,English,USA,Nominated for 1 Oscar. Another 4 wins & 13 nominations.,https://m.media-amazon.com/images/M/MV5BZjA0MTM4MTQtNzY5MC00NzY3LWI1ZTgtYzcxMjkyMzU4MDZiXkEyXkFqcGdeQXVyNDYyMDk5MTU@._V1_SX300.jpg,Internet Movie Database,8.5/10,83,62,62,8.5,"994,239",tt0120586,movie,6-Apr-99,N/A,New Line Cinema
Back to the Future,1985,PG,3-Jul-85,116 min,"Adventure, Comedy, Sci-Fi",Robert Zemeckis,"Robert Zemeckis, Bob Gale","Michael J. Fox, Christopher Lloyd, Lea Thompson, Crispin Glover","Marty McFly, a 17-year-old high school student, is accidentally sent thirty years into the past in a time-traveling DeLorean invented by his close friend, the eccentric scientist Doc Brown.",English,USA,Won 1 Oscar. Another 19 wins & 25 nominations.,https://m.media-amazon.com/images/M/MV5BZmU0M2Y1OGUtZjIxNi00ZjBkLTg1MjgtOWIyNThiZWIwYjRiXkEyXkFqcGdeQXVyMTQxNzMzNDI@._V1_SX300.jpg,Internet Movie Database,8.5/10,96,87,87,8.5,"992,256",tt0088763,movie,17-Dec-02,"$2,925,880 ",Universal Pictures
Casino,1995,R,22-Nov-95,178 min,"Crime, Drama",Martin Scorsese,"Nicholas Pileggi (book), Nicholas Pileggi (screenplay), Martin Scorsese (screenplay)","Robert De Niro, Sharon Stone, Joe Pesci, James Woods","A tale of greed, deception, money, power, and murder occur between two best friends: a mafia enforcer and a casino executive, compete against each other over a gambling empire, and over a fast living and fast loving socialite.",English,"France, USA",Nominated for 1 Oscar. Another 4 wins & 10 nominations.,https://m.media-amazon.com/images/M/MV5BMTcxOWYzNDYtYmM4YS00N2NkLTk0NTAtNjg1ODgwZjAxYzI3XkEyXkFqcGdeQXVyNTA4NzY1MzY@._V1_SX300.jpg,Internet Movie Database,8.2/10,80,73,73,8.2,"437,074",tt0112641,movie,24-Feb-98,N/A,Universal Pictures
Die Hard,1988,R,20-Jul-88,132 min,"Action, Thriller",John McTiernan,"Roderick Thorp (novel), Jeb Stuart (screenplay), Steven E. de Souza (screenplay)","Bruce Willis, Bonnie Bedelia, Reginald VelJohnson, Paul Gleason",An NYPD officer tries to save his wife and several others taken hostage by German terrorists during a Christmas party at the Nakatomi Plaza in Los Angeles.,"English, German, Italian, Japanese",USA,Nominated for 4 Oscars. Another 8 wins & 2 nominations.,https://m.media-amazon.com/images/M/MV5BZjRlNDUxZjAtOGQ4OC00OTNlLTgxNmQtYTBmMDgwZmNmNjkxXkEyXkFqcGdeQXVyNzkwMjQ5NzM@._V1_SX300.jpg,Internet Movie Database,8.2/10,93,72,72,8.2,"752,270",tt0095016,movie,9-Mar-99,N/A,20th Century Fox
The Elephant Man,1980,PG,10-Oct-80,124 min,"Biography, Drama",David Lynch,"Christopher De Vore (screenplay), Eric Bergren (screenplay), David Lynch (screenplay), Frederick Treves (book), Ashley Montagu (in part on the book ""The Elephant Man: A Study in Human Dignity"")","Anthony Hopkins, John Hurt, Anne Bancroft, John Gielgud","A Victorian surgeon rescues a heavily disfigured man who is mistreated while scraping a living as a side-show freak. Behind his monstrous façade, there is revealed a person of kindness, intelligence and sophistication.",English,"USA, UK",Nominated for 8 Oscars. Another 10 wins & 13 nominations.,https://m.media-amazon.com/images/M/MV5BMDVjNjIwOGItNDE3Ny00OThjLWE0NzQtZTU3YjMzZTZjMzhkXkEyXkFqcGdeQXVyMTQxNzMzNDI@._V1_SX300.jpg,Internet Movie Database,8.1/10,92,77,77,8.1,"208,304",tt0080678,movie,11-Dec-01,N/A,Paramount
Finding Nemo,2003,G,30-May-03,100 min,"Animation, Adventure, Comedy, Family","Andrew Stanton, Lee Unkrich(co-director)","Andrew Stanton (original story by), Andrew Stanton (screenplay by), Bob Peterson (screenplay by), David Reynolds (screenplay by)","Albert Brooks, Ellen DeGeneres, Alexander Gould, Willem Dafoe","After his son is captured in the Great Barrier Reef and taken to Sydney, a timid clownfish sets out on a journey to bring him home.",English,"USA, Australia",Won 1 Oscar. Another 49 wins & 62 nominations.,https://m.media-amazon.com/images/M/MV5BZTAzNWZlNmUtZDEzYi00ZjA5LWIwYjEtZGM1NWE1MjE4YWRhXkEyXkFqcGdeQXVyNjU0OTQ0OTY@._V1_SX300.jpg,Internet Movie Database,8.1/10,99,90,90,8.1,"911,647",tt0266543,movie,7-May-13,"$380,529,370 ",Walt Disney Pictures
Gran Torino,2008,R,9-Jan-09,116 min,Drama,Clint Eastwood,"Nick Schenk (screenplay), Dave Johannson (story), Nick Schenk (story)","Clint Eastwood, Christopher Carley, Bee Vang, Ahney Her","Disgruntled Korean War veteran Walt Kowalski sets out to reform his neighbor, Thao Lor, a Hmong teenager who tried to steal Kowalski's prized possession: a 1972 Gran Torino.","English, Hmong","Germany, USA",Nominated for 1 Golden Globe. Another 21 wins & 20 nominations.,https://m.media-amazon.com/images/M/MV5BMTc5NTk2OTU1Nl5BMl5BanBnXkFtZTcwMDc3NjAwMg@@._V1_SX300.jpg,Internet Movie Database,8.1/10,81,72,72,8.1,"692,478",tt1205489,movie,9-Jun-09,"$148,055,047 ",Warner Bros. Pictures/Village Roadshow
Harry Potter and the Sorcerer's Stone,2001,PG,16-Nov-01,152 min,"Adventure, Family, Fantasy",Chris Columbus,"J.K. Rowling (novel), Steve Kloves (screenplay)","Richard Harris, Maggie Smith, Robbie Coltrane, Saunders Triplets","An orphaned boy enrolls in a school of wizardry, where he learns the truth about himself, his family and the terrible evil that haunts the magical world.",English,"UK, USA",Nominated for 3 Oscars. Another 17 wins & 65 nominations.,https://m.media-amazon.com/images/M/MV5BNjQ3NWNlNmQtMTE5ZS00MDdmLTlkZjUtZTBlM2UxMGFiMTU3XkEyXkFqcGdeQXVyNjUwNzk3NDc@._V1_SX300.jpg,Internet Movie Database,7.6/10,81,64,64,7.6,"597,262",tt0241527,movie,28-May-02,"$317,557,891 ",Warner Bros. Pictures
Indiana Jones and the Temple of Doom,1984,PG,23-May-84,118 min,"Action, Adventure",Steven Spielberg,"Willard Huyck (screenplay by), Gloria Katz (screenplay by), George Lucas (story by)","Harrison Ford, Kate Capshaw, Ke Huy Quan, Amrish Puri","In 1935, Indiana Jones arrives in India, still part of the British Empire, and is asked to find a mystical stone. He then stumbles upon a secret cult committing enslavement and human sacrifices in the catacombs of an ancient palace.","English, Sinhalese, Hindi",USA,Won 1 Oscar. Another 10 wins & 21 nominations.,https://m.media-amazon.com/images/M/MV5BMGI1NTk2ZWMtMmI0YS00Yzg0LTljMzgtZTg4YjkyY2E5Zjc0XkEyXkFqcGdeQXVyNzkwMjQ5NzM@._V1_SX300.jpg,Internet Movie Database,7.6/10,85,57,57,7.6,"425,111",tt0087469,movie,21-Oct-03,N/A,Paramount Pictures
Jurassic Park,1993,PG-13,11-Jun-93,127 min,"Action, Adventure, Sci-Fi, Thriller",Steven Spielberg,"Michael Crichton (novel), Michael Crichton (screenplay), David Koepp (screenplay)","Sam Neill, Laura Dern, Jeff Goldblum, Richard Attenborough",A pragmatic paleontologist visiting an almost complete theme park is tasked with protecting a couple of kids after a power failure causes the park's cloned dinosaurs to run loose.,"English, Spanish",USA,Won 3 Oscars. Another 39 wins & 27 nominations.,https://m.media-amazon.com/images/M/MV5BMjM2MDgxMDg0Nl5BMl5BanBnXkFtZTgwNTM2OTM5NDE@._V1_SX300.jpg,Internet Movie Database,8.1/10,91,68,68,8.1,"819,174",tt0107290,movie,10-Oct-00,"$45,299,680 ",Universal Pictures
Kill Bill: Vol. 1,2003,R,10-Oct-03,111 min,"Action, Crime, Thriller",Quentin Tarantino,"Quentin Tarantino, Quentin Tarantino (character The Bride), Uma Thurman (character The Bride)","Uma Thurman, Lucy Liu, Vivica A. Fox, Daryl Hannah","After awakening from a four-year coma, a former assassin wreaks vengeance on the team of assassins who betrayed her.","English, Japanese, French","USA, Japan",Nominated for 1 Golden Globe. Another 28 wins & 101 nominations.,https://m.media-amazon.com/images/M/MV5BNzM3NDFhYTAtYmU5Mi00NGRmLTljYjgtMDkyODQ4MjNkMGY2XkEyXkFqcGdeQXVyNzkwMjQ5NzM@._V1_SX300.jpg,Internet Movie Database,8.1/10,85,69,69,8.1,"952,398",tt0266697,movie,13-Apr-04,N/A,Miramax Films
Logan,2017,R,3-Mar-17,137 min,"Action, Drama, Sci-Fi, Thriller",James Mangold,"James Mangold (story by), Scott Frank (screenplay by), James Mangold (screenplay by), Michael Green (screenplay by)","Hugh Jackman, Patrick Stewart, Dafne Keen, Boyd Holbrook","In a future where mutants are nearly extinct, an elderly and weary Logan leads a quiet life. But when Laura, a mutant child pursued by scientists, comes to him for help, he must get her to safety.","English, Spanish",USA,Nominated for 1 Oscar. Another 26 wins & 73 nominations.,https://m.media-amazon.com/images/M/MV5BYzc5MTU4N2EtYTkyMi00NjdhLTg3NWEtMTY4OTEyMzJhZTAzXkEyXkFqcGdeQXVyNjc1NTYyMjg@._V1_SX300.jpg,Internet Movie Database,8.1/10,93,77,77,8.1,"604,292",tt3315342,movie,23-May-17,"$226,276,809 ",20th Century Fox
"Monsters, Inc.",2001,G,2-Nov-01,92 min,"Animation, Adventure, Comedy, Family, Fantasy","Pete Docter, David Silverman(co-director), Lee Unkrich(co-director)","Pete Docter (original story by), Jill Culton (original story by), Jeff Pidgeon (original story by), Ralph Eggleston (original story by), Andrew Stanton (screenplay by), Daniel Gerson (screenplay by)","John Goodman, Billy Crystal, Mary Gibbs, Steve Buscemi","In order to power the city, monsters have to scare children so that they scream. However, the children are toxic to the monsters, and after a child gets through, 2 monsters realize things may not be what they think.",English,USA,Won 1 Oscar. Another 14 wins & 38 nominations.,https://m.media-amazon.com/images/M/MV5BMTY1NTI0ODUyOF5BMl5BanBnXkFtZTgwNTEyNjQ0MDE@._V1_SX300.jpg,Internet Movie Database,8.0/10,96,79,79,8,"779,728",tt0198781,movie,19-Feb-13,"$34,034,168 ",Disney/Pixar
Night of the Living Dead,1968,Not Rated,4-Oct-68,96 min,Horror,George A. Romero,"John A. Russo (screenplay), George A. Romero (screenplay)","Duane Jones, Judith O'Dea, Karl Hardman, Marilyn Eastman","A ragtag group of Pennsylvanians barricade themselves in an old farmhouse to remain safe from a bloodthirsty, flesh-eating breed of monsters who are ravaging the East Coast of the United States.",English,USA,6 wins.,https://m.media-amazon.com/images/M/MV5BYzI4NmVhNmItYzAzNC00ZTJmLWExMjAtMjBjN2VjYWVmMDQwXkEyXkFqcGdeQXVyMzAxNjg3MjQ@._V1_SX300.jpg,Internet Movie Database,7.9/10,97,89,89,7.9,"109,934",tt0063350,movie,12-Apr-05,N/A,Continental Distributing Inc.
Ocean's Eleven,2001,PG-13,7-Dec-01,116 min,"Crime, Thriller",Steven Soderbergh,"George Clayton Johnson, Jack Golden Russell, Harry Brown, Charles Lederer, Ted Griffin (screenplay)","George Clooney, Cecelia Ann Birt, Paul L. Nolan, Carol Florence",Danny Ocean and his ten accomplices plan to rob three Las Vegas casinos simultaneously.,"English, Italian, Cantonese",USA,4 wins & 20 nominations.,https://m.media-amazon.com/images/M/MV5BYzVmYzVkMmUtOGRhMi00MTNmLThlMmUtZTljYjlkMjNkMjJkXkEyXkFqcGdeQXVyNDk3NzU2MTQ@._V1_SX300.jpg,Internet Movie Database,7.8/10,82,74,74,7.8,"490,992",tt0240772,movie,7-May-02,"$183,349,128 ",Warner Bros. Pictures
Pirates of the Caribbean: The Curse of the Black Pearl,2003,PG-13,9-Jul-03,143 min,"Action, Adventure, Fantasy",Gore Verbinski,"Ted Elliott (screen story), Terry Rossio (screen story), Stuart Beattie (screen story), Jay Wolpert (screen story), Ted Elliott (screenplay), Terry Rossio (screenplay)","Johnny Depp, Geoffrey Rush, Orlando Bloom, Keira Knightley","Blacksmith Will Turner teams up with eccentric pirate ""Captain"" Jack Sparrow to save his love, the governor\'s daughter, from Jack\'s former pirate allies, who are now undead.",English,USA,Nominated for 5 Oscars. Another 38 wins & 98 nominations.,https://m.media-amazon.com/images/M/MV5BNGYyZGM5MGMtYTY2Ni00M2Y1LWIzNjQtYWUzM2VlNGVhMDNhXkEyXkFqcGdeQXVyMTMxODk2OTU@._V1_SX300.jpg,Internet Movie Database,8.0/10,79,63,63,8,"987,820",tt0325980,movie,2-Dec-03,"$305,343,252 ",Buena Vista Pictures
Quantum of Solace,2008,PG-13,14-Nov-08,106 min,"Action, Adventure, Thriller",Marc Forster,"Paul Haggis, Neal Purvis, Robert Wade","Daniel Craig, Olga Kurylenko, Mathieu Amalric, Judi Dench",James Bond descends into mystery as he tries to stop a mysterious organisation from eliminating a country's most valuable resource.,"English, Spanish, Italian, French, Swiss German, German","UK, USA",Nominated for 2 BAFTA Film Awards. Another 4 wins & 30 nominations.,https://m.media-amazon.com/images/M/MV5BMjZiYTUzMzktZWI5Yy00Mzk4LWFlMDgtYjRmNWU0Mzc0MzNiXkEyXkFqcGdeQXVyMjUzOTY1NTc@._V1_SX300.jpg,Internet Movie Database,6.6/10,65,58,58,6.6,"389,938",tt0830515,movie,24-Mar-09,"$168,400,000 ",Sony/MGM
Rocky,1976,PG,3-Dec-76,120 min,"Drama, Sport",John G. Avildsen,Sylvester Stallone,"Sylvester Stallone, Talia Shire, Burt Young, Carl Weathers",A small-time boxer gets a supremely rare chance to fight a heavy-weight champion in a bout in which he strives to go the distance for his self-respect.,English,USA,Won 3 Oscars. Another 17 wins & 21 nominations.,https://m.media-amazon.com/images/M/MV5BMTY5MDMzODUyOF5BMl5BanBnXkFtZTcwMTQ3NTMyNA@@._V1_SX300.jpg,Internet Movie Database,8.1/10,94,70,70,8.1,"492,975",tt0075148,movie,7-Aug-06,N/A,United Artists
Shrek,2001,PG,18-May-01,90 min,"Animation, Adventure, Comedy, Family, Fantasy","Andrew Adamson, Vicky Jenson","William Steig (based upon the book by), Ted Elliott, Terry Rossio, Joe Stillman, Roger S.H. Schulman, Cody Cameron (additional dialogue), Chris Miller (additional dialogue), Conrad Vernon (additional dialogue)","Mike Myers, Eddie Murphy, Cameron Diaz, John Lithgow","A mean lord exiles fairytale creatures to the swamp of a grumpy ogre, who must go on a quest and rescue a princess for the lord in order to get his land back.",English,USA,Won 1 Oscar. Another 38 wins & 60 nominations.,https://m.media-amazon.com/images/M/MV5BOGZhM2FhNTItODAzNi00YjA0LWEyN2UtNjJlYWQzYzU1MDg5L2ltYWdlL2ltYWdlXkEyXkFqcGdeQXVyMTQxNzMzNDI@._V1_SX300.jpg,Internet Movie Database,7.8/10,88,84,84,7.8,"587,238",tt0126029,movie,2-Nov-01,"$266,982,666 ",Dreamworks
Taken,2008,PG-13,30-Jan-09,90 min,"Action, Thriller",Pierre Morel,"Luc Besson, Robert Mark Kamen","Liam Neeson, Maggie Grace, Leland Orser, Jon Gries","A retired CIA agent travels across Europe and relies on his old skills to save his estranged daughter, who has been kidnapped while on a trip to Paris.","English, French, Albanian, Arabic","France, USA",2 wins & 2 nominations.,https://m.media-amazon.com/images/M/MV5BMTM4NzQ0OTYyOF5BMl5BanBnXkFtZTcwMDkyNjQyMg@@._V1_SX300.jpg,Internet Movie Database,7.8/10,58,51,51,7.8,"550,221",tt0936501,movie,12-May-09,"$144,924,285 ",20th Century Fox
Up,2009,PG,29-May-09,96 min,"Animation, Adventure, Comedy, Family","Pete Docter, Bob Peterson(co-director)","Pete Docter (story by), Bob Peterson (story by), Tom McCarthy (story by), Bob Peterson (screenplay by), Pete Docter (screenplay by)","Edward Asner, Christopher Plummer, Jordan Nagai, Bob Peterson","78-year-old Carl Fredricksen travels to Paradise Falls in his house equipped with balloons, inadvertently taking a young stowaway.",English,USA,Won 2 Oscars. Another 78 wins & 82 nominations.,https://m.media-amazon.com/images/M/MV5BMTk3NDE2NzI4NF5BMl5BanBnXkFtZTgwNzE1MzEyMTE@._V1_SX300.jpg,Internet Movie Database,8.2/10,98,88,88,8.2,"888,269",tt1049413,movie,10-Nov-09,"$292,979,556 ",Walt Disney Pictures
V for Vendetta,2005,R,17-Mar-06,132 min,"Action, Drama, Sci-Fi, Thriller",James McTeigue,"Lilly Wachowski (screenplay), Lana Wachowski (screenplay), David Lloyd (graphic novel art)","Natalie Portman, Hugo Weaving, Stephen Rea, Stephen Fry","In a future British tyranny, a shadowy freedom fighter, known only by the alias of ""V"", plots to overthrow it with the help of a young woman.",English,"USA, UK, Germany",7 wins & 27 nominations.,https://m.media-amazon.com/images/M/MV5BOTI5ODc3NzExNV5BMl5BanBnXkFtZTcwNzYxNzQzMw@@._V1_SX300.jpg,Internet Movie Database,8.2/10,73,62,62,8.2,"985,386",tt0434409,movie,1-Aug-06,"$70,500,000 ",Warner Bros. Pictures
WALL·E,2008,G,27-Jun-08,98 min,"Animation, Adventure, Family, Sci-Fi",Andrew Stanton,"Andrew Stanton (original story by), Pete Docter (original story by), Andrew Stanton (screenplay by), Jim Reardon (screenplay by)","Ben Burtt, Elissa Knight, Jeff Garlin, Fred Willard","In the distant future, a small waste-collecting robot inadvertently embarks on a space journey that will ultimately decide the fate of mankind.",English,USA,Won 1 Oscar. Another 91 wins & 93 nominations.,https://m.media-amazon.com/images/M/MV5BMjExMTg5OTU0NF5BMl5BanBnXkFtZTcwMjMxMzMzMw@@._V1_SX300.jpg,Internet Movie Database,8.4/10,95,95,95,8.4,"955,757",tt0910970,movie,18-Nov-08,"$223,749,872 ",Walt Disney Pictures
X-Men,2000,PG-13,14-Jul-00,104 min,"Action, Adventure, Sci-Fi",Bryan Singer,"Tom DeSanto (story), Bryan Singer (story), David Hayter (screenplay)","Hugh Jackman, Patrick Stewart, Ian McKellen, Famke Janssen","In a world where mutants (evolved super-powered humans) exist and are discriminated against, two groups form for an inevitable clash: the supremacist Brotherhood, and the pacifist X-Men.",English,USA,13 wins & 27 nominations.,https://m.media-amazon.com/images/M/MV5BZmIyMDk5NGYtYjQ5NS00ZWQxLTg2YzQtZDk1ZmM4ZDBlN2E3XkEyXkFqcGdeQXVyMTQxNzMzNDI@._V1_SX300.jpg,Internet Movie Database,7.4/10,81,64,64,7.4,"553,081",tt0120903,movie,21-Nov-00,"$156,164,829 ",20th Century Fox
Young Frankenstein,1974,PG,15-Dec-74,106 min,Comedy,Mel Brooks,"Gene Wilder (screen story and screenplay), Mel Brooks (screen story and screenplay), Mary Shelley (based on characters in the novel ""Frankenstein"" by)","Gene Wilder, Peter Boyle, Marty Feldman, Madeline Kahn","An American grandson of the infamous scientist, struggling to prove that his grandfather was not as insane as people believe, is invited to Transylvania, where he discovers the process that reanimates a dead body.","English, German",USA,Nominated for 2 Oscars. Another 11 wins & 5 nominations.,https://m.media-amazon.com/images/M/MV5BMTEwNjg2MjM2ODFeQTJeQWpwZ15BbWU4MDQ1MDU5OTEx._V1_SX300.jpg,Internet Movie Database,8.0/10,94,80,80,8,"137,458",tt0072431,movie,3-Nov-98,N/A,20th Century Fox
Zulu,1964,Not Rated,17-Jun-64,138 min,"Drama, History, War",Cy Endfield,"John Prebble (original screenplay), Cy Endfield (original screenplay), John Prebble (suggested by an article written by)","Stanley Baker, Jack Hawkins, Ulla Jacobsson, James Booth",Outnumbered British soldiers do battle with Zulu warriors at Rorke's Drift.,"English, Zulu",UK,N/A,https://m.media-amazon.com/images/M/MV5BYzdlYmQ3MWMtMDY3My00MzVmLTg0YmMtYjRlZDUzNjBlMmE0L2ltYWdlL2ltYWdlXkEyXkFqcGdeQXVyNjc1NTYyMjg@._V1_SX300.jpg,Internet Movie Database,7.7/10,96,77,77,7.7,"34,225",tt0058777,movie,2-Feb-01,N/A,Paramount Pictures
Casablanca,1942,PG,23-Jan-43,102 min,"Drama, Romance, War",Michael Curtiz,"Julius J. Epstein (screenplay), Philip G. Epstein (screenplay), Howard Koch (screenplay), Murray Burnett (play), Joan Alison (play)","Humphrey Bogart, Ingrid Bergman, Paul Henreid, Claude Rains",A cynical American expatriate struggles to decide whether or not he should help his former lover and her fugitive husband escape French Morocco.,"English, French, German, Italian",USA,Won 3 Oscars. Another 5 wins & 9 nominations.,https://m.media-amazon.com/images/M/MV5BY2IzZGY2YmEtYzljNS00NTM5LTgwMzUtMzM1NjQ4NGI0OTk0XkEyXkFqcGdeQXVyNDYyMDk5MTU@._V1_SX300.jpg,Internet Movie Database,8.5/10,98,100,100,8.5,"497,282",tt0034583,movie,15-Feb-00,N/A,Warner Bros. Pictures
Rear Window,1954,PG,1-Sep-54,112 min,"Mystery, Thriller",Alfred Hitchcock,"John Michael Hayes (screenplay), Cornell Woolrich (based on the short story by)","James Stewart, Grace Kelly, Wendell Corey, Thelma Ritter",A wheelchair-bound photographer spies on his neighbors from his apartment window and becomes convinced one of them has committed murder.,English,USA,Nominated for 4 Oscars. Another 6 wins & 9 nominations.,https://m.media-amazon.com/images/M/MV5BNGUxYWM3M2MtMGM3Mi00ZmRiLWE0NGQtZjE5ODI2OTJhNTU0XkEyXkFqcGdeQXVyMTQxNzMzNDI@._V1_SX300.jpg,Internet Movie Database,8.4/10,100,100,100,8.4,"419,441",tt0047396,movie,6-Mar-01,N/A,Paramount Pictures
Sunset Blvd.,1950,Passed,29-Sep-50,110 min,"Drama, Film-Noir",Billy Wilder,"Charles Brackett, Billy Wilder, D.M. Marshman Jr.","William Holden, Gloria Swanson, Erich von Stroheim, Nancy Olson",A screenwriter develops a dangerous relationship with a faded film star determined to make a triumphant return.,English,USA,Won 3 Oscars. Another 15 wins & 19 nominations.,https://m.media-amazon.com/images/M/MV5BMTU0NTkyNzYwMF5BMl5BanBnXkFtZTgwMDU0NDk5MTI@._V1_SX300.jpg,Internet Movie Database,8.4/10,98,,N/A,8.4,"188,387",tt0043014,movie,26-Nov-02,N/A,Paramount Pictures
Grave of the Fireflies,1988,Not Rated,26-Jul-89,89 min,"Animation, Drama, War",Isao Takahata,"Akiyuki Nosaka (novel), Isao Takahata","Tsutomu Tatsumi, Ayano Shiraishi, Yoshiko Shinohara, Akemi Yamaguchi",A young boy and his little sister struggle to survive in Japan during World War II.,Japanese,Japan,3 wins.,https://m.media-amazon.com/images/M/MV5BZmY2NjUzNDQtNTgxNC00M2Q4LTljOWQtMjNjNDBjNWUxNmJlXkEyXkFqcGdeQXVyNTA4NzY1MzY@._V1_SX300.jpg,Internet Movie Database,8.5/10,98,,N/A,8.5,"213,046",tt0095327,movie,6-Oct-98,N/A,Shinchosha Company
Cinema Paradiso,1988,R,23-Feb-90,155 min,Drama,Giuseppe Tornatore,"Giuseppe Tornatore (story), Giuseppe Tornatore (screenplay), Vanna Paoli (collaborating writer), Richard Epcar","Antonella Attili, Enzo Cannavale, Isa Danieli, Leo Gullotta",A filmmaker recalls his childhood when falling in love with the pictures at the cinema of his home village and forms a deep friendship with the cinema's projectionist.,Italian,"Italy, France",Won 1 Oscar. Another 24 wins & 31 nominations.,https://m.media-amazon.com/images/M/MV5BM2FhYjEyYmYtMDI1Yy00YTdlLWI2NWQtYmEzNzAxOGY1NjY2XkEyXkFqcGdeQXVyNTA3NTIyNDg@._V1_SX300.jpg,Internet Movie Database,8.5/10,91,80,80,8.5,"213,320",tt0095765,movie,18-Feb-03,"$239,630 ",Miramax Films
The Great Dictator,1940,Passed,7-Mar-41,125 min,"Comedy, Drama, War",Charles Chaplin,Charles Chaplin,"Charles Chaplin, Jack Oakie, Reginald Gardiner, Henry Daniell",Dictator Adenoid Hynkel tries to expand his empire while a poor Jewish barber tries to avoid persecution from Hynkel's regime.,"English, Esperanto",USA,Nominated for 5 Oscars. Another 6 wins & 1 nomination.,https://m.media-amazon.com/images/M/MV5BMmExYWJjNTktNGUyZS00ODhmLTkxYzAtNWIzOGEyMGNiMmUwXkEyXkFqcGdeQXVyNjU0OTQ0OTY@._V1_SX300.jpg,Internet Movie Database,8.4/10,93,,N/A,8.4,"190,527",tt0032553,movie,10-May-10,N/A,Criterion Collection
Modern Times,1936,G,25-Feb-36,87 min,"Comedy, Drama, Family, Romance",Charles Chaplin,Charles Chaplin,"Charles Chaplin, Paulette Goddard, Henry Bergman, Tiny Sandford",The Tramp struggles to live in modern industrial society with the help of a young homeless woman.,English,USA,4 wins & 1 nomination.,https://m.media-amazon.com/images/M/MV5BYjJiZjMzYzktNjU0NS00OTkxLWEwYzItYzdhYWJjN2QzMTRlL2ltYWdlL2ltYWdlXkEyXkFqcGdeQXVyNjU0OTQ0OTY@._V1_SX300.jpg,Internet Movie Database,8.5/10,100,96,96,8.5,"203,642",tt0027977,movie,23-Aug-10,N/A,United Artists
Paths of Glory,1957,Approved,1-Nov-57,88 min,"Drama, War",Stanley Kubrick,"Stanley Kubrick (screenplay), Calder Willingham (screenplay), Jim Thompson (screenplay), Humphrey Cobb (based on the novel ""Paths of Glory"" by)","Kirk Douglas, Ralph Meeker, Adolphe Menjou, George Macready","After refusing to attack an enemy position, a general accuses the soldiers of cowardice and their commanding officer must defend them.","English, German, Latin",USA,Nominated for 1 BAFTA Film Award. Another 5 wins & 2 nominations.,https://m.media-amazon.com/images/M/MV5BNjViMmRkOTEtM2ViOS00ODg0LWJhYWEtNTBlOGQxNDczOGY3XkEyXkFqcGdeQXVyMDI2NDg0NQ@@._V1_SX300.jpg,Internet Movie Database,8.4/10,95,,N/A,8.4,"165,561",tt0050825,movie,15-May-01,N/A,United Artists
Aliens,1986,R,18-Jul-86,137 min,"Action, Adventure, Sci-Fi, Thriller",James Cameron,"James Cameron (story by), David Giler (story by), Walter Hill (story by), Dan O'Bannon (based on characters created by), Ronald Shusett (based on characters created by), James Cameron (screenplay by)","Sigourney Weaver, Carrie Henn, Michael Biehn, Paul Reiser","Ellen Ripley is rescued by a deep salvage team after being in hypersleep for 57 years. The moon that the Nostromo visited has been colonized, but contact is lost. This time, colonial marines have impressive firepower, but will that be enough?",English,"USA, UK",Won 2 Oscars. Another 18 wins & 23 nominations.,https://m.media-amazon.com/images/M/MV5BZGU2OGY5ZTYtMWNhYy00NjZiLWI0NjUtZmNhY2JhNDRmODU3XkEyXkFqcGdeQXVyNzkwMjQ5NzM@._V1_SX300.jpg,Internet Movie Database,8.3/10,97,84,84,8.3,"624,557",tt0090605,movie,1-Jun-99,N/A,20th Century Fox
Django Unchained,2012,R,25-Dec-12,165 min,"Drama, Western",Quentin Tarantino,Quentin Tarantino,"Jamie Foxx, Christoph Waltz, Leonardo DiCaprio, Kerry Washington","With the help of a German bounty hunter, a freed slave sets out to rescue his wife from a brutal Mississippi plantation owner.","English, German, French, Italian",USA,Won 2 Oscars. Another 57 wins & 155 nominations.,https://m.media-amazon.com/images/M/MV5BMjIyNTQ5NjQ1OV5BMl5BanBnXkFtZTcwODg1MDU4OA@@._V1_SX300.jpg,Internet Movie Database,8.4/10,87,81,81,8.4,"1,282,957",tt1853728,movie,16-Apr-13,"$162,804,648 ",The Weinstein Co.
American Beauty,1999,R,1-Oct-99,122 min,Drama,Sam Mendes,Alan Ball,"Kevin Spacey, Annette Bening, Thora Birch, Wes Bentley",A sexually frustrated suburban father has a mid-life crisis after becoming infatuated with his daughter's best friend.,English,USA,Won 5 Oscars. Another 106 wins & 101 nominations.,https://m.media-amazon.com/images/M/MV5BNTBmZWJkNjctNDhiNC00MGE2LWEwOTctZTk5OGVhMWMyNmVhXkEyXkFqcGdeQXVyMTMxODk2OTU@._V1_SX300.jpg,Internet Movie Database,8.3/10,87,84,84,8.3,"1,025,235",tt0169547,movie,2-Jan-02,N/A,Dreamworks
The Shining,1980,R,13-Jun-80,146 min,"Drama, Horror",Stanley Kubrick,"Stephen King (novel), Stanley Kubrick (screenplay), Diane Johnson (screenplay)","Jack Nicholson, Shelley Duvall, Danny Lloyd, Scatman Crothers","A family heads to an isolated hotel for the winter where a sinister presence influences the father into violence, while his psychic son sees horrific forebodings from both past and future.",English,"UK, USA",4 wins & 7 nominations.,https://m.media-amazon.com/images/M/MV5BZWFlYmY2MGEtZjVkYS00YzU4LTg0YjQtYzY1ZGE3NTA5NGQxXkEyXkFqcGdeQXVyMTQxNzMzNDI@._V1_SX300.jpg,Internet Movie Database,8.4/10,85,66,66,8.4,"840,598",tt0081505,movie,29-Jun-99,N/A,Warner Bros. Pictures
Requiem for a Dream,2000,R,15-Dec-00,102 min,Drama,Darren Aronofsky,"Hubert Selby Jr. (based on the book by), Hubert Selby Jr. (screenplay), Darren Aronofsky (screenplay)","Ellen Burstyn, Jared Leto, Jennifer Connelly, Marlon Wayans",The drug-induced utopias of four Coney Island people are shattered when their addictions run deep.,English,USA,Nominated for 1 Oscar. Another 34 wins & 63 nominations.,https://m.media-amazon.com/images/M/MV5BOTdiNzJlOWUtNWMwNS00NmFlLWI0YTEtZmI3YjIzZWUyY2Y3XkEyXkFqcGdeQXVyNjU0OTQ0OTY@._V1_SX300.jpg,Internet Movie Database,8.3/10,79,68,68,8.3,"728,254",tt0180093,movie,22-May-01,"$2,546,851 ",Artisan Entertainment
Braveheart,1995,R,24-May-95,178 min,"Biography, Drama, History, War",Mel Gibson,Randall Wallace,"James Robinson, Sean Lawlor, Sandy Nelson, James Cosmo","When his secret bride is executed for assaulting an English soldier who tried to rape her, William Wallace begins a revolt against King Edward I of England.","English, French, Latin, Scottish Gaelic, Italian",USA,Won 5 Oscars. Another 28 wins & 32 nominations.,https://m.media-amazon.com/images/M/MV5BMzkzMmU0YTYtOWM3My00YzBmLWI0YzctOGYyNTkwMWE5MTJkXkEyXkFqcGdeQXVyNzkwMjQ5NzM@._V1_SX300.jpg,Internet Movie Database,8.3/10,77,68,68,8.3,"922,048",tt0112573,movie,29-Aug-00,N/A,Paramount Pictures
Oldboy,2003,R,21-Nov-03,120 min,"Action, Drama, Mystery, Thriller",Chan-wook Park,"Garon Tsuchiya (story), Nobuaki Minegishi (comic), Chan-wook Park (character created by: Oldboy,  Vengeance Trilogy), Chan-wook Park (screenplay), Joon-hyung Lim (screenplay), Jo-yun Hwang (screenplay)","Min-sik Choi, Ji-Tae Yoo, Hye-jeong Kang, Dae-han Ji","After being kidnapped and imprisoned for fifteen years, Oh Dae-Su is released, only to find that he must find his captor in five days.",Korean,South Korea,39 wins & 18 nominations.,https://m.media-amazon.com/images/M/MV5BMTI3NTQyMzU5M15BMl5BanBnXkFtZTcwMTM2MjgyMQ@@._V1_SX300.jpg,Internet Movie Database,8.4/10,82,77,77,8.4,"483,402",tt0364569,movie,23-Aug-05,"$637,778 ",Tartan Films
Star Wars: Episode VI - Return of the Jedi,1983,PG,25-May-83,131 min,"Action, Adventure, Fantasy, Sci-Fi",Richard Marquand,"Lawrence Kasdan (screenplay by), George Lucas (screenplay by), George Lucas (story by)","Mark Hamill, Harrison Ford, Carrie Fisher, Billy Dee Williams","After a daring mission to rescue Han Solo from Jabba the Hutt, the Rebels dispatch to Endor to destroy the second Death Star. Meanwhile, Luke struggles to help Darth Vader back from the dark side without falling into the Emperor's trap.",English,USA,Nominated for 4 Oscars. Another 22 wins & 16 nominations.,https://m.media-amazon.com/images/M/MV5BOWZlMjFiYzgtMTUzNC00Y2IzLTk1NTMtZmNhMTczNTk0ODk1XkEyXkFqcGdeQXVyNTAyODkwOQ@@._V1_SX300.jpg,Internet Movie Database,8.3/10,82,58,58,8.3,"906,260",tt0086190,movie,12-Sep-06,N/A,Twentieth Century Fox
North by Northwest,1959,Approved,26-Sep-59,136 min,"Adventure, Mystery, Thriller",Alfred Hitchcock,Ernest Lehman,"Cary Grant, Eva Marie Saint, James Mason, Jessie Royce Landis",A New York City advertising executive goes on the run after being mistaken for a government agent by a group of foreign spies.,"English, French",USA,Nominated for 3 Oscars. Another 8 wins & 7 nominations.,https://m.media-amazon.com/images/M/MV5BZDA3NDExMTUtMDlhOC00MmQ5LWExZGUtYmI1NGVlZWI4OWNiXkEyXkFqcGdeQXVyNjc1NTYyMjg@._V1_SX300.jpg,Internet Movie Database,8.3/10,99,98,98,8.3,"284,137",tt0053125,movie,29-Aug-00,N/A,Turner Entertainment
Amélie,2001,R,8-Feb-02,122 min,"Comedy, Romance",Jean-Pierre Jeunet,"Guillaume Laurant (scenario), Jean-Pierre Jeunet (scenario), Guillaume Laurant (dialogue)","Audrey Tautou, Mathieu Kassovitz, Rufus, Lorella Cravotta","Amélie is an innocent and naive girl in Paris with her own sense of justice. She decides to help those around her and, along the way, discovers love.","French, Russian, English","France, Germany",Nominated for 5 Oscars. Another 59 wins & 67 nominations.,https://m.media-amazon.com/images/M/MV5BNDg4NjM1YjMtYmNhZC00MjM0LWFiZmYtNGY1YjA3MzZmODc5XkEyXkFqcGdeQXVyNDk3NzU2MTQ@._V1_SX300.jpg,Internet Movie Database,8.3/10,88,69,69,8.3,"675,537",tt0211915,movie,16-Jul-02,N/A,Miramax Films
Once Upon a Time in America,1984,R,1-Jun-84,229 min,"Crime, Drama",Sergio Leone,"Harry Grey (novel), Leonardo Benvenuti (screenplay), Piero De Bernardi (screenplay), Enrico Medioli (screenplay), Franco Arcalli (screenplay), Franco Ferrini (screenplay), Sergio Leone (screenplay), Stuart Kaminsky (additional dialogue)","Robert De Niro, James Woods, Elizabeth McGovern, Treat Williams","A former Prohibition-era Jewish gangster returns to the Lower East Side of Manhattan over thirty years later, where he once again must confront the ghosts and regrets of his old life.","English, Italian, French","USA, Italy",Nominated for 2 Golden Globes. Another 11 wins & 8 nominations.,https://m.media-amazon.com/images/M/MV5BMGFkNWI4MTMtNGQ0OC00MWVmLTk3MTktOGYxN2Y2YWVkZWE2XkEyXkFqcGdeQXVyNjU0OTQ0OTY@._V1_SX300.jpg,Internet Movie Database,8.4/10,86,,N/A,8.4,"292,246",tt0087843,movie,10-Jun-03,N/A,Warner Home Video
3 Idiots,2009,PG-13,25-Dec-09,170 min,"Comedy, Drama",Rajkumar Hirani,"Rajkumar Hirani (screenplay), Abhijat Joshi (screenplay), Vidhu Vinod Chopra (screenplay associate), Abhijat Joshi (story), Chetan Bhagat (novel)","Aamir Khan, Madhavan, Sharman Joshi, Kareena Kapoor","Two friends are searching for their long lost companion. They revisit their college days and recall the memories of their friend who inspired them to think differently, even as the rest of the world called them ""idiots"".","Hindi, English",India,62 wins & 23 nominations.,https://m.media-amazon.com/images/M/MV5BNTkyOGVjMGEtNmQzZi00NzFlLTlhOWQtODYyMDc2ZGJmYzFhXkEyXkFqcGdeQXVyNjU0OTQ0OTY@._V1_SX300.jpg,Internet Movie Database,8.4/10,100,67,67,8.4,"319,970",tt1187043,movie,26-Apr-11,"$6,500,000 ",Big Pictures
Princess Mononoke,1997,PG-13,19-Dec-97,134 min,"Animation, Adventure, Fantasy",Hayao Miyazaki,"Hayao Miyazaki, Neil Gaiman (adapted by: English version)","Billy Crudup, Billy Bob Thornton, Minnie Driver, John DiMaggio","On a journey to find the cure for a Tatarigami's curse, Ashitaka finds himself in the middle of a war between the forest gods and Tatara, a mining colony. In this quest he also meets San, the Mononoke Hime.",Japanese,Japan,13 wins & 6 nominations.,https://m.media-amazon.com/images/M/MV5BNGIzY2IzODQtNThmMi00ZDE4LWI5YzAtNzNlZTM1ZjYyYjUyXkEyXkFqcGdeQXVyODEzNjM5OTQ@._V1_SX300.jpg,Internet Movie Database,8.4/10,93,76,76,8.4,"314,164",tt0119698,movie,19-Dec-00,N/A,Miramax Films
Vertigo,1958,PG,22-May-58,128 min,"Mystery, Romance, Thriller",Alfred Hitchcock,"Alec Coppel (screenplay by), Samuel A. Taylor (screenplay by), Pierre Boileau (based on the novel ""D\'Entre Les Morts"" by), Thomas Narcejac (based on the novel ""D\'Entre Les Morts"" by)","James Stewart, Kim Novak, Barbara Bel Geddes, Tom Helmore",A former police detective juggles wrestling with his personal demons and becoming obsessed with a hauntingly beautiful woman.,English,USA,Nominated for 2 Oscars. Another 8 wins & 5 nominations.,https://m.media-amazon.com/images/M/MV5BYTE4ODEwZDUtNDFjOC00NjAxLWEzYTQtYTI1NGVmZmFlNjdiL2ltYWdlL2ltYWdlXkEyXkFqcGdeQXVyNjc1NTYyMjg@._V1_SX300.jpg,Internet Movie Database,8.3/10,95,100,100,8.3,"341,187",tt0052357,movie,31-Mar-98,N/A,Paramount Pictures
Citizen Kane,1941,PG,5-Sep-41,119 min,"Drama, Mystery",Orson Welles,"Herman J. Mankiewicz (original screen play), Orson Welles (original screen play)","Joseph Cotten, Dorothy Comingore, Agnes Moorehead, Ruth Warrick","Following the death of publishing tycoon Charles Foster Kane, reporters scramble to uncover the meaning of his final utterance; 'Rosebud'.","English, Italian",USA,Won 1 Oscar. Another 9 wins & 13 nominations.,https://m.media-amazon.com/images/M/MV5BYjBiOTYxZWItMzdiZi00NjlkLWIzZTYtYmFhZjhiMTljOTdkXkEyXkFqcGdeQXVyNzkwMjQ5NzM@._V1_SX300.jpg,Internet Movie Database,8.3/10,100,100,100,8.3,"378,516",tt0033467,movie,25-Sep-01,N/A,RKO Radio Pictures